job_role,skills
Data Scientist,Python SQL Machine Learning Statistics Data Analysis
DevOps Engineer,AWS Docker Kubernetes CI/CD Automation Cloud Computing
Backend Developer,Java Python SQL APIs Node.js Databases
Frontend Developer,HTML CSS JavaScript React UI Design Web Design
Cloud Architect,AWS Azure Cloud Computing Networking Security Automation
Cybersecurity Analyst,Networking Security Linux Python Risk Assessment
Data Engineer,Python SQL ETL Data Pipelines Cloud Computing Big Data
Mobile App Developer,Java Kotlin Swift Flutter UI Design Mobile Development
QA Engineer,Testing Automation Selenium Python Bug Tracking
Project Manager,Communication Planning Agile Scrum Leadership Budgeting
